P6955_201	AL-BL-3	AL-BL-2
P6955_202	AL-BS-1	AL-AS-BS-BS
P6955_203	AL-BL-2	AL-AL-1
P6955_204	AL-BL-1	BS
P6955_205	AL-BL-2	AL-BL-3
P6955_206	AL-BL-3	AL-BS-1
P6955_207	AL-BL-2	AL-BL-3
P6955_208	AL-AL-1	AL-BS-2
P6955_209	AL-BL-BL	AL-AS-BS-BS
P6955_210	AL-BL-2	AL-BS-3
P6955_211	AL-BL-3	BS
P6955_212	AL-BL-2	AL-BL-3
P6955_213	AL-BL-2	AL-BS-3
P6955_214	BS	BS
P6955_215	AL-BS-2	BS
P6955_216	AL-BS-3	AL-BS-other
P6955_217	AL-BL-3	AL-BS-2
P6955_218	AL-BL-other	AL-BS-3
P6955_219	AL-AL-2	AL-AL-1
P6955_220	AL-AL-1	AL-BS-5
P6955_221	AL-BS-5	AL-BS-3
P6955_222	AL-BL-3	AL-BS-4
P6955_223	AL-BL-2	AL-AL-1
P6955_224	AL-AL-1	AL-BS-other
P6955_225	AL-AL-2	AL-AL-3
P6955_226	AL-BL-3	AL-BL-3
P6955_227	AL-BL-3	AL-BL-other
P6955_228	AL-BL-3	AL-BL-1
P6955_229	AL-AL-2	AL-BL-3
P6955_230	AL-BL-3	AL-BL-3
P6955_231	AL-BL-3	AL
P6955_232	AL-BS-3	AL-BL-2
P6955_233	AL-BS-1	AL-BS-3
P6955_234	BS	AL-BL-3
P6955_235	AL-BS-1	AL-AL-1
